{
  "project_info": {
    "project_number": "994009558006",
    "firebase_url": "https://myfirebaseproject-55714.firebaseio.com",
    "project_id": "myfirebaseproject-55714",
    "storage_bucket": "myfirebaseproject-55714.appspot.com"
  },
  "client": [
    {
      "client_info": {
        "mobilesdk_app_id": "1:994009558006:android:24f95597561feaa50f75d7",
        "android_client_info": {
          "package_name": "com.example.filupload"
        }
      },
      "oauth_client": [
        {
          "client_id": "994009558006-r06eutimvmoaqgknohh8povs6g2mk9sd.apps.googleusercontent.com",
          "client_type": 3
        }
      ],
      "api_key": [
        {
          "current_key": "AIzaSyBqCHGIWw3hbcHJcTvmcardyLUPNGBfwQk"
        }
      ],
      "services": {
        "appinvite_service": {
          "other_platform_oauth_client": [
            {
              "client_id": "994009558006-r06eutimvmoaqgknohh8povs6g2mk9sd.apps.googleusercontent.com",
              "client_type": 3
            }
          ]
        }
      }
    }
  ],
  "configuration_version": "1"
}